"STATISTIÈNA REGIJA","SKD DEJAVNOST","MESEC","Neto plaèa Plaèa za mesec [EUR]"
"SLOVENIJA","SKD Dejavnost","2014M01",1009.22
"SLOVENIJA","SKD Dejavnost","2014M02",997.60
"SLOVENIJA","SKD Dejavnost","2014M03",1000.38
"SLOVENIJA","SKD Dejavnost","2014M04",1004.44
"SLOVENIJA","SKD Dejavnost","2014M05",1004.14
"SLOVENIJA","SKD Dejavnost","2014M06",999.16
"SLOVENIJA","SKD Dejavnost","2014M07",1006.18
"SLOVENIJA","SKD Dejavnost","2014M08",996.39
"SLOVENIJA","SKD Dejavnost","2014M09",997.74
"SLOVENIJA","SKD Dejavnost","2014M10",1010.66
"SLOVENIJA","SKD Dejavnost","2014M11",1057.26
"SLOVENIJA","SKD Dejavnost","2014M12",1022.14
"SLOVENIJA","SKD Dejavnost","2015M01",1006.91
"SLOVENIJA","SKD Dejavnost","2015M02",993.30
"SLOVENIJA","SKD Dejavnost","2015M03",1011.58
"SLOVENIJA","SKD Dejavnost","2015M04",1008.98
"SLOVENIJA","SKD Dejavnost","2015M05",1000.44
"SLOVENIJA","SKD Dejavnost","2015M06",1006.71
"SLOVENIJA","SKD Dejavnost","2015M07",1008.00
"SLOVENIJA","SKD Dejavnost","2015M08",998.70
"SLOVENIJA","SKD Dejavnost","2015M09",997.77
"SLOVENIJA","SKD Dejavnost","2015M10",1007.28
"SLOVENIJA","SKD Dejavnost","2015M11",1082.34
"SLOVENIJA","SKD Dejavnost","2015M12",1035.58
"SLOVENIJA","SKD Dejavnost","2016M01",1015.85
"SLOVENIJA","SKD Dejavnost","2016M02",1022.32
"SLOVENIJA","SKD Dejavnost","2016M03",1033.95
"SLOVENIJA","SKD Dejavnost","2016M04",1021.74
"SLOVENIJA","SKD Dejavnost","2016M05",1016.36
"SLOVENIJA","SKD Dejavnost","2016M06",1018.70
"SLOVENIJA","SKD Dejavnost","2016M07",1010.78
"SLOVENIJA","SKD Dejavnost","2016M08",1023.28
"SLOVENIJA","SKD Dejavnost","2016M09",1015.33
"SLOVENIJA","SKD Dejavnost","2016M10",1020.40
"SLOVENIJA","SKD Dejavnost","2016M11",1087.08
"SLOVENIJA","SKD Dejavnost","2016M12",1074.27
"SLOVENIJA","SKD Dejavnost","2017M01",1039.12
"SLOVENIJA","SKD Dejavnost","2017M02",1034.20
"SLOVENIJA","SKD Dejavnost","2017M03",1055.85
"SLOVENIJA","SKD Dejavnost","2017M04",1038.05
"SLOVENIJA","SKD Dejavnost","2017M05",1050.78
"SLOVENIJA","SKD Dejavnost","2017M06",1045.06
"SLOVENIJA","SKD Dejavnost","2017M07",1039.55
"SLOVENIJA","SKD Dejavnost","2017M08",1051.73
"SLOVENIJA","SKD Dejavnost","2017M09",1047.14
"SLOVENIJA","SKD Dejavnost","2017M10",1056.47
"SLOVENIJA","SKD Dejavnost","2017M11",1151.76
"SLOVENIJA","SKD Dejavnost","2017M12",1129.76
"SLOVENIJA","SKD Dejavnost","2018M01",1077.73
"SLOVENIJA","SKD Dejavnost","2018M02",1066.33
"SLOVENIJA","SKD Dejavnost","2018M03",1083.00
"SLOVENIJA","SKD Dejavnost","2018M04",1078.95
"SLOVENIJA","SKD Dejavnost","2018M05",1077.77
"SLOVENIJA","SKD Dejavnost","2018M06",1073.47
"SLOVENIJA","SKD Dejavnost","2018M07",1071.76
"SLOVENIJA","SKD Dejavnost","2018M08",1082.88
"SLOVENIJA","SKD Dejavnost","2018M09",1062.03
"SLOVENIJA","SKD Dejavnost","2018M10",1086.80
"SLOVENIJA","SKD Dejavnost","2018M11",1186.25
"SLOVENIJA","SKD Dejavnost","2018M12",1162.67
"SLOVENIJA","SKD Dejavnost","2019M01",1115.98
"SLOVENIJA","SKD Dejavnost","2019M02",1108.10
"SLOVENIJA","SKD Dejavnost","2019M03",1128.15
"SLOVENIJA","SKD Dejavnost","2019M04",1114.98
"SLOVENIJA","SKD Dejavnost","2019M05",1113.88
"SLOVENIJA","SKD Dejavnost","2019M06",1107.96
"SLOVENIJA","SKD Dejavnost","2019M07",1119.08
"SLOVENIJA","SKD Dejavnost","2019M08",1114.16
"SLOVENIJA","SKD Dejavnost","2019M09",1105.26
"SLOVENIJA","SKD Dejavnost","2019M10",1122.40
"SLOVENIJA","SKD Dejavnost","2019M11",1234.75
"SLOVENIJA","SKD Dejavnost","2019M12",1214.93
"SLOVENIJA","SKD Dejavnost","2020M01",1172.56
"SLOVENIJA","SKD Dejavnost","2020M02",1169.91
"SLOVENIJA","SKD Dejavnost","2020M03",1146.11
"SLOVENIJA","SKD Dejavnost","2020M04",1266.13
"SLOVENIJA","SKD Dejavnost","2020M05",1244.44
"SLOVENIJA","SKD Dejavnost","2020M06",1175.47
"SLOVENIJA","SKD Dejavnost","2020M07",1176.25
"SLOVENIJA","SKD Dejavnost","2020M08",1177.88
"SLOVENIJA","SKD Dejavnost","2020M09",1169.52
"SLOVENIJA","SKD Dejavnost","2020M10",1181.35
"SLOVENIJA","SKD Dejavnost","2020M11",1327.70
"SLOVENIJA","SKD Dejavnost","2020M12",1314.62
"SLOVENIJA","SKD Dejavnost","2021M01",1269.18
"SLOVENIJA","SKD Dejavnost","2021M02",1253.71
"SLOVENIJA","SKD Dejavnost","2021M03",1290.97
"SLOVENIJA","SKD Dejavnost","2021M04",1278.89
"SLOVENIJA","SKD Dejavnost","2021M05",1286.61
"SLOVENIJA","SKD Dejavnost","2021M06",1256.24
"SLOVENIJA","SKD Dejavnost","2021M07",1249.88
"SLOVENIJA","SKD Dejavnost","2021M08",1228.05
"SLOVENIJA","SKD Dejavnost","2021M09",1210.46
"Pomurska","SKD Dejavnost","2014M01",909.21
"Pomurska","SKD Dejavnost","2014M02",895.61
"Pomurska","SKD Dejavnost","2014M03",907.84
"Pomurska","SKD Dejavnost","2014M04",910.55
"Pomurska","SKD Dejavnost","2014M05",918.18
"Pomurska","SKD Dejavnost","2014M06",917.65
"Pomurska","SKD Dejavnost","2014M07",914.70
"Pomurska","SKD Dejavnost","2014M08",898.45
"Pomurska","SKD Dejavnost","2014M09",909.54
"Pomurska","SKD Dejavnost","2014M10",919.37
"Pomurska","SKD Dejavnost","2014M11",941.98
"Pomurska","SKD Dejavnost","2014M12",935.53
"Pomurska","SKD Dejavnost","2015M01",914.38
"Pomurska","SKD Dejavnost","2015M02",902.16
"Pomurska","SKD Dejavnost","2015M03",922.40
"Pomurska","SKD Dejavnost","2015M04",915.90
"Pomurska","SKD Dejavnost","2015M05",917.72
"Pomurska","SKD Dejavnost","2015M06",920.87
"Pomurska","SKD Dejavnost","2015M07",915.27
"Pomurska","SKD Dejavnost","2015M08",911.63
"Pomurska","SKD Dejavnost","2015M09",920.08
"Pomurska","SKD Dejavnost","2015M10",915.06
"Pomurska","SKD Dejavnost","2015M11",969.41
"Pomurska","SKD Dejavnost","2015M12",948.80
"Pomurska","SKD Dejavnost","2016M01",922.29
"Pomurska","SKD Dejavnost","2016M02",922.51
"Pomurska","SKD Dejavnost","2016M03",949.33
"Pomurska","SKD Dejavnost","2016M04",929.61
"Pomurska","SKD Dejavnost","2016M05",929.51
"Pomurska","SKD Dejavnost","2016M06",934.02
"Pomurska","SKD Dejavnost","2016M07",924.39
"Pomurska","SKD Dejavnost","2016M08",938.16
"Pomurska","SKD Dejavnost","2016M09",931.00
"Pomurska","SKD Dejavnost","2016M10",929.00
"Pomurska","SKD Dejavnost","2016M11",985.56
"Pomurska","SKD Dejavnost","2016M12",980.69
"Pomurska","SKD Dejavnost","2017M01",946.69
"Pomurska","SKD Dejavnost","2017M02",930.86
"Pomurska","SKD Dejavnost","2017M03",969.26
"Pomurska","SKD Dejavnost","2017M04",941.61
"Pomurska","SKD Dejavnost","2017M05",957.01
"Pomurska","SKD Dejavnost","2017M06",959.82
"Pomurska","SKD Dejavnost","2017M07",945.12
"Pomurska","SKD Dejavnost","2017M08",962.65
"Pomurska","SKD Dejavnost","2017M09",965.69
"Pomurska","SKD Dejavnost","2017M10",982.92
"Pomurska","SKD Dejavnost","2017M11",1047.97
"Pomurska","SKD Dejavnost","2017M12",1025.32
"Pomurska","SKD Dejavnost","2018M01",986.74
"Pomurska","SKD Dejavnost","2018M02",972.89
"Pomurska","SKD Dejavnost","2018M03",1001.86
"Pomurska","SKD Dejavnost","2018M04",994.75
"Pomurska","SKD Dejavnost","2018M05",997.09
"Pomurska","SKD Dejavnost","2018M06",986.23
"Pomurska","SKD Dejavnost","2018M07",988.10
"Pomurska","SKD Dejavnost","2018M08",994.42
"Pomurska","SKD Dejavnost","2018M09",981.06
"Pomurska","SKD Dejavnost","2018M10",1000.03
"Pomurska","SKD Dejavnost","2018M11",1090.01
"Pomurska","SKD Dejavnost","2018M12",1054.24
"Pomurska","SKD Dejavnost","2019M01",1026.80
"Pomurska","SKD Dejavnost","2019M02",1010.07
"Pomurska","SKD Dejavnost","2019M03",1045.90
"Pomurska","SKD Dejavnost","2019M04",1026.56
"Pomurska","SKD Dejavnost","2019M05",1036.36
"Pomurska","SKD Dejavnost","2019M06",1034.97
"Pomurska","SKD Dejavnost","2019M07",1037.28
"Pomurska","SKD Dejavnost","2019M08",1032.28
"Pomurska","SKD Dejavnost","2019M09",1028.48
"Pomurska","SKD Dejavnost","2019M10",1043.66
"Pomurska","SKD Dejavnost","2019M11",1149.41
"Pomurska","SKD Dejavnost","2019M12",1103.76
"Pomurska","SKD Dejavnost","2020M01",1092.68
"Pomurska","SKD Dejavnost","2020M02",1057.21
"Pomurska","SKD Dejavnost","2020M03",1070.76
"Pomurska","SKD Dejavnost","2020M04",1189.33
"Pomurska","SKD Dejavnost","2020M05",1179.91
"Pomurska","SKD Dejavnost","2020M06",1091.78
"Pomurska","SKD Dejavnost","2020M07",1101.95
"Pomurska","SKD Dejavnost","2020M08",1083.22
"Pomurska","SKD Dejavnost","2020M09",1087.96
"Pomurska","SKD Dejavnost","2020M10",1089.72
"Pomurska","SKD Dejavnost","2020M11",1251.55
"Pomurska","SKD Dejavnost","2020M12",1207.50
"Pomurska","SKD Dejavnost","2021M01",1195.98
"Pomurska","SKD Dejavnost","2021M02",1145.43
"Pomurska","SKD Dejavnost","2021M03",1220.02
"Pomurska","SKD Dejavnost","2021M04",1199.09
"Pomurska","SKD Dejavnost","2021M05",1201.34
"Pomurska","SKD Dejavnost","2021M06",1177.16
"Pomurska","SKD Dejavnost","2021M07",1158.04
"Pomurska","SKD Dejavnost","2021M08",1130.62
"Pomurska","SKD Dejavnost","2021M09",1126.96
"Podravska","SKD Dejavnost","2014M01",931.90
"Podravska","SKD Dejavnost","2014M02",919.61
"Podravska","SKD Dejavnost","2014M03",933.20
"Podravska","SKD Dejavnost","2014M04",933.08
"Podravska","SKD Dejavnost","2014M05",930.85
"Podravska","SKD Dejavnost","2014M06",936.36
"Podravska","SKD Dejavnost","2014M07",933.22
"Podravska","SKD Dejavnost","2014M08",925.31
"Podravska","SKD Dejavnost","2014M09",929.50
"Podravska","SKD Dejavnost","2014M10",945.24
"Podravska","SKD Dejavnost","2014M11",980.89
"Podravska","SKD Dejavnost","2014M12",942.26
"Podravska","SKD Dejavnost","2015M01",933.51
"Podravska","SKD Dejavnost","2015M02",918.55
"Podravska","SKD Dejavnost","2015M03",937.90
"Podravska","SKD Dejavnost","2015M04",935.89
"Podravska","SKD Dejavnost","2015M05",925.53
"Podravska","SKD Dejavnost","2015M06",937.14
"Podravska","SKD Dejavnost","2015M07",932.02
"Podravska","SKD Dejavnost","2015M08",919.75
"Podravska","SKD Dejavnost","2015M09",926.23
"Podravska","SKD Dejavnost","2015M10",937.48
"Podravska","SKD Dejavnost","2015M11",1000.11
"Podravska","SKD Dejavnost","2015M12",958.52
"Podravska","SKD Dejavnost","2016M01",942.57
"Podravska","SKD Dejavnost","2016M02",938.37
"Podravska","SKD Dejavnost","2016M03",956.06
"Podravska","SKD Dejavnost","2016M04",948.89
"Podravska","SKD Dejavnost","2016M05",944.76
"Podravska","SKD Dejavnost","2016M06",947.90
"Podravska","SKD Dejavnost","2016M07",936.51
"Podravska","SKD Dejavnost","2016M08",948.33
"Podravska","SKD Dejavnost","2016M09",946.48
"Podravska","SKD Dejavnost","2016M10",957.36
"Podravska","SKD Dejavnost","2016M11",993.32
"Podravska","SKD Dejavnost","2016M12",1002.93
"Podravska","SKD Dejavnost","2017M01",963.89
"Podravska","SKD Dejavnost","2017M02",956.24
"Podravska","SKD Dejavnost","2017M03",983.68
"Podravska","SKD Dejavnost","2017M04",964.63
"Podravska","SKD Dejavnost","2017M05",977.80
"Podravska","SKD Dejavnost","2017M06",975.51
"Podravska","SKD Dejavnost","2017M07",966.58
"Podravska","SKD Dejavnost","2017M08",973.64
"Podravska","SKD Dejavnost","2017M09",977.68
"Podravska","SKD Dejavnost","2017M10",999.67
"Podravska","SKD Dejavnost","2017M11",1049.21
"Podravska","SKD Dejavnost","2017M12",1045.66
"Podravska","SKD Dejavnost","2018M01",992.46
"Podravska","SKD Dejavnost","2018M02",981.24
"Podravska","SKD Dejavnost","2018M03",1017.24
"Podravska","SKD Dejavnost","2018M04",1002.03
"Podravska","SKD Dejavnost","2018M05",1002.79
"Podravska","SKD Dejavnost","2018M06",999.76
"Podravska","SKD Dejavnost","2018M07",1001.17
"Podravska","SKD Dejavnost","2018M08",999.28
"Podravska","SKD Dejavnost","2018M09",996.35
"Podravska","SKD Dejavnost","2018M10",1026.57
"Podravska","SKD Dejavnost","2018M11",1090.63
"Podravska","SKD Dejavnost","2018M12",1062.69
"Podravska","SKD Dejavnost","2019M01",1025.55
"Podravska","SKD Dejavnost","2019M02",1020.27
"Podravska","SKD Dejavnost","2019M03",1061.28
"Podravska","SKD Dejavnost","2019M04",1034.75
"Podravska","SKD Dejavnost","2019M05",1035.90
"Podravska","SKD Dejavnost","2019M06",1032.07
"Podravska","SKD Dejavnost","2019M07",1032.52
"Podravska","SKD Dejavnost","2019M08",1028.31
"Podravska","SKD Dejavnost","2019M09",1030.47
"Podravska","SKD Dejavnost","2019M10",1052.68
"Podravska","SKD Dejavnost","2019M11",1121.93
"Podravska","SKD Dejavnost","2019M12",1103.83
"Podravska","SKD Dejavnost","2020M01",1066.59
"Podravska","SKD Dejavnost","2020M02",1064.62
"Podravska","SKD Dejavnost","2020M03",1058.81
"Podravska","SKD Dejavnost","2020M04",1205.39
"Podravska","SKD Dejavnost","2020M05",1156.85
"Podravska","SKD Dejavnost","2020M06",1110.82
"Podravska","SKD Dejavnost","2020M07",1097.87
"Podravska","SKD Dejavnost","2020M08",1092.76
"Podravska","SKD Dejavnost","2020M09",1091.44
"Podravska","SKD Dejavnost","2020M10",1133.04
"Podravska","SKD Dejavnost","2020M11",1218.06
"Podravska","SKD Dejavnost","2020M12",1188.99
"Podravska","SKD Dejavnost","2021M01",1187.70
"Podravska","SKD Dejavnost","2021M02",1166.97
"Podravska","SKD Dejavnost","2021M03",1224.81
"Podravska","SKD Dejavnost","2021M04",1197.57
"Podravska","SKD Dejavnost","2021M05",1215.31
"Podravska","SKD Dejavnost","2021M06",1180.19
"Podravska","SKD Dejavnost","2021M07",1173.76
"Podravska","SKD Dejavnost","2021M08",1136.10
"Podravska","SKD Dejavnost","2021M09",1131.89
"Koroška","SKD Dejavnost","2014M01",944.15
"Koroška","SKD Dejavnost","2014M02",928.49
"Koroška","SKD Dejavnost","2014M03",931.96
"Koroška","SKD Dejavnost","2014M04",941.20
"Koroška","SKD Dejavnost","2014M05",937.70
"Koroška","SKD Dejavnost","2014M06",935.37
"Koroška","SKD Dejavnost","2014M07",943.52
"Koroška","SKD Dejavnost","2014M08",928.83
"Koroška","SKD Dejavnost","2014M09",940.89
"Koroška","SKD Dejavnost","2014M10",944.47
"Koroška","SKD Dejavnost","2014M11",1034.61
"Koroška","SKD Dejavnost","2014M12",951.08
"Koroška","SKD Dejavnost","2015M01",940.81
"Koroška","SKD Dejavnost","2015M02",927.49
"Koroška","SKD Dejavnost","2015M03",948.23
"Koroška","SKD Dejavnost","2015M04",953.14
"Koroška","SKD Dejavnost","2015M05",938.62
"Koroška","SKD Dejavnost","2015M06",944.13
"Koroška","SKD Dejavnost","2015M07",949.29
"Koroška","SKD Dejavnost","2015M08",939.80
"Koroška","SKD Dejavnost","2015M09",943.94
"Koroška","SKD Dejavnost","2015M10",950.04
"Koroška","SKD Dejavnost","2015M11",1069.80
"Koroška","SKD Dejavnost","2015M12",977.82
"Koroška","SKD Dejavnost","2016M01",954.82
"Koroška","SKD Dejavnost","2016M02",958.09
"Koroška","SKD Dejavnost","2016M03",969.54
"Koroška","SKD Dejavnost","2016M04",965.86
"Koroška","SKD Dejavnost","2016M05",970.30
"Koroška","SKD Dejavnost","2016M06",971.57
"Koroška","SKD Dejavnost","2016M07",959.53
"Koroška","SKD Dejavnost","2016M08",969.66
"Koroška","SKD Dejavnost","2016M09",969.00
"Koroška","SKD Dejavnost","2016M10",979.42
"Koroška","SKD Dejavnost","2016M11",1079.47
"Koroška","SKD Dejavnost","2016M12",1018.09
"Koroška","SKD Dejavnost","2017M01",980.26
"Koroška","SKD Dejavnost","2017M02",973.17
"Koroška","SKD Dejavnost","2017M03",989.82
"Koroška","SKD Dejavnost","2017M04",990.00
"Koroška","SKD Dejavnost","2017M05",998.05
"Koroška","SKD Dejavnost","2017M06",997.76
"Koroška","SKD Dejavnost","2017M07",990.09
"Koroška","SKD Dejavnost","2017M08",1006.14
"Koroška","SKD Dejavnost","2017M09",994.74
"Koroška","SKD Dejavnost","2017M10",1015.26
"Koroška","SKD Dejavnost","2017M11",1133.38
"Koroška","SKD Dejavnost","2017M12",1077.93
"Koroška","SKD Dejavnost","2018M01",1021.44
"Koroška","SKD Dejavnost","2018M02",1003.59
"Koroška","SKD Dejavnost","2018M03",1024.35
"Koroška","SKD Dejavnost","2018M04",1024.96
"Koroška","SKD Dejavnost","2018M05",1036.89
"Koroška","SKD Dejavnost","2018M06",1026.33
"Koroška","SKD Dejavnost","2018M07",1021.11
"Koroška","SKD Dejavnost","2018M08",1030.12
"Koroška","SKD Dejavnost","2018M09",1019.50
"Koroška","SKD Dejavnost","2018M10",1044.76
"Koroška","SKD Dejavnost","2018M11",1141.30
"Koroška","SKD Dejavnost","2018M12",1129.71
"Koroška","SKD Dejavnost","2019M01",1057.53
"Koroška","SKD Dejavnost","2019M02",1037.16
"Koroška","SKD Dejavnost","2019M03",1058.25
"Koroška","SKD Dejavnost","2019M04",1065.25
"Koroška","SKD Dejavnost","2019M05",1062.30
"Koroška","SKD Dejavnost","2019M06",1052.84
"Koroška","SKD Dejavnost","2019M07",1064.81
"Koroška","SKD Dejavnost","2019M08",1050.57
"Koroška","SKD Dejavnost","2019M09",1050.58
"Koroška","SKD Dejavnost","2019M10",1072.04
"Koroška","SKD Dejavnost","2019M11",1207.70
"Koroška","SKD Dejavnost","2019M12",1124.64
"Koroška","SKD Dejavnost","2020M01",1100.95
"Koroška","SKD Dejavnost","2020M02",1088.50
"Koroška","SKD Dejavnost","2020M03",1092.21
"Koroška","SKD Dejavnost","2020M04",1206.40
"Koroška","SKD Dejavnost","2020M05",1143.61
"Koroška","SKD Dejavnost","2020M06",1097.60
"Koroška","SKD Dejavnost","2020M07",1124.82
"Koroška","SKD Dejavnost","2020M08",1107.91
"Koroška","SKD Dejavnost","2020M09",1116.14
"Koroška","SKD Dejavnost","2020M10",1113.41
"Koroška","SKD Dejavnost","2020M11",1303.20
"Koroška","SKD Dejavnost","2020M12",1218.43
"Koroška","SKD Dejavnost","2021M01",1200.49
"Koroška","SKD Dejavnost","2021M02",1179.91
"Koroška","SKD Dejavnost","2021M03",1203.45
"Koroška","SKD Dejavnost","2021M04",1207.94
"Koroška","SKD Dejavnost","2021M05",1232.77
"Koroška","SKD Dejavnost","2021M06",1194.29
"Koroška","SKD Dejavnost","2021M07",1192.43
"Koroška","SKD Dejavnost","2021M08",1152.19
"Koroška","SKD Dejavnost","2021M09",1161.09
"Savinjska","SKD Dejavnost","2014M01",938.58
"Savinjska","SKD Dejavnost","2014M02",940.41
"Savinjska","SKD Dejavnost","2014M03",930.29
"Savinjska","SKD Dejavnost","2014M04",936.41
"Savinjska","SKD Dejavnost","2014M05",942.12
"Savinjska","SKD Dejavnost","2014M06",939.68
"Savinjska","SKD Dejavnost","2014M07",939.65
"Savinjska","SKD Dejavnost","2014M08",928.14
"Savinjska","SKD Dejavnost","2014M09",931.70
"Savinjska","SKD Dejavnost","2014M10",941.77
"Savinjska","SKD Dejavnost","2014M11",982.49
"Savinjska","SKD Dejavnost","2014M12",951.13
"Savinjska","SKD Dejavnost","2015M01",937.87
"Savinjska","SKD Dejavnost","2015M02",924.21
"Savinjska","SKD Dejavnost","2015M03",939.93
"Savinjska","SKD Dejavnost","2015M04",947.44
"Savinjska","SKD Dejavnost","2015M05",935.35
"Savinjska","SKD Dejavnost","2015M06",944.78
"Savinjska","SKD Dejavnost","2015M07",947.65
"Savinjska","SKD Dejavnost","2015M08",932.74
"Savinjska","SKD Dejavnost","2015M09",934.00
"Savinjska","SKD Dejavnost","2015M10",938.49
"Savinjska","SKD Dejavnost","2015M11",1003.32
"Savinjska","SKD Dejavnost","2015M12",956.29
"Savinjska","SKD Dejavnost","2016M01",935.29
"Savinjska","SKD Dejavnost","2016M02",945.04
"Savinjska","SKD Dejavnost","2016M03",955.13
"Savinjska","SKD Dejavnost","2016M04",942.68
"Savinjska","SKD Dejavnost","2016M05",947.37
"Savinjska","SKD Dejavnost","2016M06",953.52
"Savinjska","SKD Dejavnost","2016M07",940.08
"Savinjska","SKD Dejavnost","2016M08",950.64
"Savinjska","SKD Dejavnost","2016M09",947.51
"Savinjska","SKD Dejavnost","2016M10",947.60
"Savinjska","SKD Dejavnost","2016M11",990.86
"Savinjska","SKD Dejavnost","2016M12",995.52
"Savinjska","SKD Dejavnost","2017M01",955.17
"Savinjska","SKD Dejavnost","2017M02",945.78
"Savinjska","SKD Dejavnost","2017M03",974.94
"Savinjska","SKD Dejavnost","2017M04",958.71
"Savinjska","SKD Dejavnost","2017M05",984.05
"Savinjska","SKD Dejavnost","2017M06",974.46
"Savinjska","SKD Dejavnost","2017M07",961.02
"Savinjska","SKD Dejavnost","2017M08",973.18
"Savinjska","SKD Dejavnost","2017M09",974.78
"Savinjska","SKD Dejavnost","2017M10",977.00
"Savinjska","SKD Dejavnost","2017M11",1042.01
"Savinjska","SKD Dejavnost","2017M12",1073.78
"Savinjska","SKD Dejavnost","2018M01",1003.71
"Savinjska","SKD Dejavnost","2018M02",976.39
"Savinjska","SKD Dejavnost","2018M03",997.71
"Savinjska","SKD Dejavnost","2018M04",1001.73
"Savinjska","SKD Dejavnost","2018M05",1005.08
"Savinjska","SKD Dejavnost","2018M06",998.16
"Savinjska","SKD Dejavnost","2018M07",994.16
"Savinjska","SKD Dejavnost","2018M08",999.01
"Savinjska","SKD Dejavnost","2018M09",989.47
"Savinjska","SKD Dejavnost","2018M10",1004.48
"Savinjska","SKD Dejavnost","2018M11",1089.51
"Savinjska","SKD Dejavnost","2018M12",1098.94
"Savinjska","SKD Dejavnost","2019M01",1024.98
"Savinjska","SKD Dejavnost","2019M02",1009.95
"Savinjska","SKD Dejavnost","2019M03",1031.61
"Savinjska","SKD Dejavnost","2019M04",1022.50
"Savinjska","SKD Dejavnost","2019M05",1027.04
"Savinjska","SKD Dejavnost","2019M06",1022.57
"Savinjska","SKD Dejavnost","2019M07",1032.90
"Savinjska","SKD Dejavnost","2019M08",1025.32
"Savinjska","SKD Dejavnost","2019M09",1028.39
"Savinjska","SKD Dejavnost","2019M10",1039.86
"Savinjska","SKD Dejavnost","2019M11",1117.63
"Savinjska","SKD Dejavnost","2019M12",1125.43
"Savinjska","SKD Dejavnost","2020M01",1067.81
"Savinjska","SKD Dejavnost","2020M02",1052.82
"Savinjska","SKD Dejavnost","2020M03",1056.68
"Savinjska","SKD Dejavnost","2020M04",1144.19
"Savinjska","SKD Dejavnost","2020M05",1128.84
"Savinjska","SKD Dejavnost","2020M06",1070.13
"Savinjska","SKD Dejavnost","2020M07",1083.48
"Savinjska","SKD Dejavnost","2020M08",1076.99
"Savinjska","SKD Dejavnost","2020M09",1077.68
"Savinjska","SKD Dejavnost","2020M10",1082.74
"Savinjska","SKD Dejavnost","2020M11",1197.06
"Savinjska","SKD Dejavnost","2020M12",1235.08
"Savinjska","SKD Dejavnost","2021M01",1136.12
"Savinjska","SKD Dejavnost","2021M02",1125.99
"Savinjska","SKD Dejavnost","2021M03",1169.33
"Savinjska","SKD Dejavnost","2021M04",1164.59
"Savinjska","SKD Dejavnost","2021M05",1178.48
"Savinjska","SKD Dejavnost","2021M06",1152.11
"Savinjska","SKD Dejavnost","2021M07",1142.78
"Savinjska","SKD Dejavnost","2021M08",1120.31
"Savinjska","SKD Dejavnost","2021M09",1119.37
"Zasavska","SKD Dejavnost","2014M01",941.06
"Zasavska","SKD Dejavnost","2014M02",946.29
"Zasavska","SKD Dejavnost","2014M03",929.42
"Zasavska","SKD Dejavnost","2014M04",920.33
"Zasavska","SKD Dejavnost","2014M05",942.76
"Zasavska","SKD Dejavnost","2014M06",916.84
"Zasavska","SKD Dejavnost","2014M07",929.71
"Zasavska","SKD Dejavnost","2014M08",918.83
"Zasavska","SKD Dejavnost","2014M09",932.24
"Zasavska","SKD Dejavnost","2014M10",941.23
"Zasavska","SKD Dejavnost","2014M11",933.74
"Zasavska","SKD Dejavnost","2014M12",955.51
"Zasavska","SKD Dejavnost","2015M01",907.63
"Zasavska","SKD Dejavnost","2015M02",884.86
"Zasavska","SKD Dejavnost","2015M03",921.85
"Zasavska","SKD Dejavnost","2015M04",914.55
"Zasavska","SKD Dejavnost","2015M05",907.67
"Zasavska","SKD Dejavnost","2015M06",908.32
"Zasavska","SKD Dejavnost","2015M07",909.67
"Zasavska","SKD Dejavnost","2015M08",895.53
"Zasavska","SKD Dejavnost","2015M09",908.04
"Zasavska","SKD Dejavnost","2015M10",911.37
"Zasavska","SKD Dejavnost","2015M11",958.01
"Zasavska","SKD Dejavnost","2015M12",946.32
"Zasavska","SKD Dejavnost","2016M01",926.30
"Zasavska","SKD Dejavnost","2016M02",915.03
"Zasavska","SKD Dejavnost","2016M03",940.20
"Zasavska","SKD Dejavnost","2016M04",913.09
"Zasavska","SKD Dejavnost","2016M05",920.24
"Zasavska","SKD Dejavnost","2016M06",921.29
"Zasavska","SKD Dejavnost","2016M07",914.55
"Zasavska","SKD Dejavnost","2016M08",929.87
"Zasavska","SKD Dejavnost","2016M09",933.10
"Zasavska","SKD Dejavnost","2016M10",925.74
"Zasavska","SKD Dejavnost","2016M11",979.00
"Zasavska","SKD Dejavnost","2016M12",972.74
"Zasavska","SKD Dejavnost","2017M01",949.90
"Zasavska","SKD Dejavnost","2017M02",920.42
"Zasavska","SKD Dejavnost","2017M03",970.76
"Zasavska","SKD Dejavnost","2017M04",936.86
"Zasavska","SKD Dejavnost","2017M05",970.85
"Zasavska","SKD Dejavnost","2017M06",946.22
"Zasavska","SKD Dejavnost","2017M07",936.83
"Zasavska","SKD Dejavnost","2017M08",953.59
"Zasavska","SKD Dejavnost","2017M09",963.98
"Zasavska","SKD Dejavnost","2017M10",960.35
"Zasavska","SKD Dejavnost","2017M11",1051.70
"Zasavska","SKD Dejavnost","2017M12",1005.71
"Zasavska","SKD Dejavnost","2018M01",979.15
"Zasavska","SKD Dejavnost","2018M02",946.86
"Zasavska","SKD Dejavnost","2018M03",985.06
"Zasavska","SKD Dejavnost","2018M04",989.05
"Zasavska","SKD Dejavnost","2018M05",991.02
"Zasavska","SKD Dejavnost","2018M06",974.41
"Zasavska","SKD Dejavnost","2018M07",981.06
"Zasavska","SKD Dejavnost","2018M08",982.82
"Zasavska","SKD Dejavnost","2018M09",964.03
"Zasavska","SKD Dejavnost","2018M10",1014.45
"Zasavska","SKD Dejavnost","2018M11",1077.50
"Zasavska","SKD Dejavnost","2018M12",1035.43
"Zasavska","SKD Dejavnost","2019M01",1011.30
"Zasavska","SKD Dejavnost","2019M02",990.35
"Zasavska","SKD Dejavnost","2019M03",1025.25
"Zasavska","SKD Dejavnost","2019M04",1027.28
"Zasavska","SKD Dejavnost","2019M05",1027.29
"Zasavska","SKD Dejavnost","2019M06",1004.34
"Zasavska","SKD Dejavnost","2019M07",1020.31
"Zasavska","SKD Dejavnost","2019M08",1009.71
"Zasavska","SKD Dejavnost","2019M09",1010.91
"Zasavska","SKD Dejavnost","2019M10",1030.00
"Zasavska","SKD Dejavnost","2019M11",1134.34
"Zasavska","SKD Dejavnost","2019M12",1098.44
"Zasavska","SKD Dejavnost","2020M01",1064.21
"Zasavska","SKD Dejavnost","2020M02",1049.58
"Zasavska","SKD Dejavnost","2020M03",1063.08
"Zasavska","SKD Dejavnost","2020M04",1155.66
"Zasavska","SKD Dejavnost","2020M05",1133.23
"Zasavska","SKD Dejavnost","2020M06",1091.93
"Zasavska","SKD Dejavnost","2020M07",1086.38
"Zasavska","SKD Dejavnost","2020M08",1074.91
"Zasavska","SKD Dejavnost","2020M09",1076.41
"Zasavska","SKD Dejavnost","2020M10",1080.86
"Zasavska","SKD Dejavnost","2020M11",1194.85
"Zasavska","SKD Dejavnost","2020M12",1203.03
"Zasavska","SKD Dejavnost","2021M01",1146.49
"Zasavska","SKD Dejavnost","2021M02",1125.24
"Zasavska","SKD Dejavnost","2021M03",1174.33
"Zasavska","SKD Dejavnost","2021M04",1176.00
"Zasavska","SKD Dejavnost","2021M05",1193.79
"Zasavska","SKD Dejavnost","2021M06",1179.63
"Zasavska","SKD Dejavnost","2021M07",1170.21
"Zasavska","SKD Dejavnost","2021M08",1124.97
"Zasavska","SKD Dejavnost","2021M09",1112.27
"Posavska","SKD Dejavnost","2014M01",942.09
"Posavska","SKD Dejavnost","2014M02",922.18
"Posavska","SKD Dejavnost","2014M03",935.79
"Posavska","SKD Dejavnost","2014M04",938.59
"Posavska","SKD Dejavnost","2014M05",950.86
"Posavska","SKD Dejavnost","2014M06",938.01
"Posavska","SKD Dejavnost","2014M07",944.68
"Posavska","SKD Dejavnost","2014M08",979.76
"Posavska","SKD Dejavnost","2014M09",934.78
"Posavska","SKD Dejavnost","2014M10",952.94
"Posavska","SKD Dejavnost","2014M11",1017.74
"Posavska","SKD Dejavnost","2014M12",977.50
"Posavska","SKD Dejavnost","2015M01",934.77
"Posavska","SKD Dejavnost","2015M02",913.38
"Posavska","SKD Dejavnost","2015M03",946.00
"Posavska","SKD Dejavnost","2015M04",950.85
"Posavska","SKD Dejavnost","2015M05",945.91
"Posavska","SKD Dejavnost","2015M06",943.53
"Posavska","SKD Dejavnost","2015M07",987.69
"Posavska","SKD Dejavnost","2015M08",925.68
"Posavska","SKD Dejavnost","2015M09",937.97
"Posavska","SKD Dejavnost","2015M10",944.98
"Posavska","SKD Dejavnost","2015M11",1060.39
"Posavska","SKD Dejavnost","2015M12",972.14
"Posavska","SKD Dejavnost","2016M01",950.80
"Posavska","SKD Dejavnost","2016M02",958.57
"Posavska","SKD Dejavnost","2016M03",971.36
"Posavska","SKD Dejavnost","2016M04",944.86
"Posavska","SKD Dejavnost","2016M05",954.62
"Posavska","SKD Dejavnost","2016M06",1000.50
"Posavska","SKD Dejavnost","2016M07",949.59
"Posavska","SKD Dejavnost","2016M08",961.97
"Posavska","SKD Dejavnost","2016M09",967.95
"Posavska","SKD Dejavnost","2016M10",974.95
"Posavska","SKD Dejavnost","2016M11",1042.02
"Posavska","SKD Dejavnost","2016M12",1027.05
"Posavska","SKD Dejavnost","2017M01",979.85
"Posavska","SKD Dejavnost","2017M02",959.49
"Posavska","SKD Dejavnost","2017M03",990.59
"Posavska","SKD Dejavnost","2017M04",971.87
"Posavska","SKD Dejavnost","2017M05",997.55
"Posavska","SKD Dejavnost","2017M06",1007.99
"Posavska","SKD Dejavnost","2017M07",974.84
"Posavska","SKD Dejavnost","2017M08",1019.01
"Posavska","SKD Dejavnost","2017M09",982.38
"Posavska","SKD Dejavnost","2017M10",994.71
"Posavska","SKD Dejavnost","2017M11",1134.26
"Posavska","SKD Dejavnost","2017M12",1083.40
"Posavska","SKD Dejavnost","2018M01",1016.88
"Posavska","SKD Dejavnost","2018M02",984.39
"Posavska","SKD Dejavnost","2018M03",1012.09
"Posavska","SKD Dejavnost","2018M04",1020.55
"Posavska","SKD Dejavnost","2018M05",1047.09
"Posavska","SKD Dejavnost","2018M06",1016.54
"Posavska","SKD Dejavnost","2018M07",1016.23
"Posavska","SKD Dejavnost","2018M08",1014.92
"Posavska","SKD Dejavnost","2018M09",1000.12
"Posavska","SKD Dejavnost","2018M10",1028.35
"Posavska","SKD Dejavnost","2018M11",1191.11
"Posavska","SKD Dejavnost","2018M12",1087.06
"Posavska","SKD Dejavnost","2019M01",1053.73
"Posavska","SKD Dejavnost","2019M02",1027.22
"Posavska","SKD Dejavnost","2019M03",1041.21
"Posavska","SKD Dejavnost","2019M04",1049.13
"Posavska","SKD Dejavnost","2019M05",1057.59
"Posavska","SKD Dejavnost","2019M06",1061.70
"Posavska","SKD Dejavnost","2019M07",1064.68
"Posavska","SKD Dejavnost","2019M08",1043.18
"Posavska","SKD Dejavnost","2019M09",1045.73
"Posavska","SKD Dejavnost","2019M10",1079.29
"Posavska","SKD Dejavnost","2019M11",1231.36
"Posavska","SKD Dejavnost","2019M12",1169.37
"Posavska","SKD Dejavnost","2020M01",1111.25
"Posavska","SKD Dejavnost","2020M02",1082.31
"Posavska","SKD Dejavnost","2020M03",1079.60
"Posavska","SKD Dejavnost","2020M04",1227.03
"Posavska","SKD Dejavnost","2020M05",1202.21
"Posavska","SKD Dejavnost","2020M06",1128.97
"Posavska","SKD Dejavnost","2020M07",1119.47
"Posavska","SKD Dejavnost","2020M08",1102.88
"Posavska","SKD Dejavnost","2020M09",1132.43
"Posavska","SKD Dejavnost","2020M10",1133.99
"Posavska","SKD Dejavnost","2020M11",1324.86
"Posavska","SKD Dejavnost","2020M12",1291.06
"Posavska","SKD Dejavnost","2021M01",1208.49
"Posavska","SKD Dejavnost","2021M02",1173.49
"Posavska","SKD Dejavnost","2021M03",1223.30
"Posavska","SKD Dejavnost","2021M04",1239.53
"Posavska","SKD Dejavnost","2021M05",1256.25
"Posavska","SKD Dejavnost","2021M06",1237.75
"Posavska","SKD Dejavnost","2021M07",1211.91
"Posavska","SKD Dejavnost","2021M08",1165.67
"Posavska","SKD Dejavnost","2021M09",1147.89
"Jugovzhodna Slovenija","SKD Dejavnost","2014M01",1061.32
"Jugovzhodna Slovenija","SKD Dejavnost","2014M02",962.05
"Jugovzhodna Slovenija","SKD Dejavnost","2014M03",993.77
"Jugovzhodna Slovenija","SKD Dejavnost","2014M04",998.59
"Jugovzhodna Slovenija","SKD Dejavnost","2014M05",994.33
"Jugovzhodna Slovenija","SKD Dejavnost","2014M06",993.10
"Jugovzhodna Slovenija","SKD Dejavnost","2014M07",1049.05
"Jugovzhodna Slovenija","SKD Dejavnost","2014M08",1041.16
"Jugovzhodna Slovenija","SKD Dejavnost","2014M09",998.04
"Jugovzhodna Slovenija","SKD Dejavnost","2014M10",1015.65
"Jugovzhodna Slovenija","SKD Dejavnost","2014M11",1108.01
"Jugovzhodna Slovenija","SKD Dejavnost","2014M12",1033.58
"Jugovzhodna Slovenija","SKD Dejavnost","2015M01",1061.43
"Jugovzhodna Slovenija","SKD Dejavnost","2015M02",975.28
"Jugovzhodna Slovenija","SKD Dejavnost","2015M03",1015.30
"Jugovzhodna Slovenija","SKD Dejavnost","2015M04",1018.29
"Jugovzhodna Slovenija","SKD Dejavnost","2015M05",988.60
"Jugovzhodna Slovenija","SKD Dejavnost","2015M06",1001.74
"Jugovzhodna Slovenija","SKD Dejavnost","2015M07",1003.34
"Jugovzhodna Slovenija","SKD Dejavnost","2015M08",1050.23
"Jugovzhodna Slovenija","SKD Dejavnost","2015M09",996.44
"Jugovzhodna Slovenija","SKD Dejavnost","2015M10",998.47
"Jugovzhodna Slovenija","SKD Dejavnost","2015M11",1128.89
"Jugovzhodna Slovenija","SKD Dejavnost","2015M12",1031.33
"Jugovzhodna Slovenija","SKD Dejavnost","2016M01",1043.95
"Jugovzhodna Slovenija","SKD Dejavnost","2016M02",991.47
"Jugovzhodna Slovenija","SKD Dejavnost","2016M03",1044.71
"Jugovzhodna Slovenija","SKD Dejavnost","2016M04",1019.53
"Jugovzhodna Slovenija","SKD Dejavnost","2016M05",1005.20
"Jugovzhodna Slovenija","SKD Dejavnost","2016M06",1014.45
"Jugovzhodna Slovenija","SKD Dejavnost","2016M07",1013.51
"Jugovzhodna Slovenija","SKD Dejavnost","2016M08",1061.68
"Jugovzhodna Slovenija","SKD Dejavnost","2016M09",1009.39
"Jugovzhodna Slovenija","SKD Dejavnost","2016M10",1004.78
"Jugovzhodna Slovenija","SKD Dejavnost","2016M11",1136.81
"Jugovzhodna Slovenija","SKD Dejavnost","2016M12",1079.18
"Jugovzhodna Slovenija","SKD Dejavnost","2017M01",1068.85
"Jugovzhodna Slovenija","SKD Dejavnost","2017M02",998.57
"Jugovzhodna Slovenija","SKD Dejavnost","2017M03",1043.07
"Jugovzhodna Slovenija","SKD Dejavnost","2017M04",1032.13
"Jugovzhodna Slovenija","SKD Dejavnost","2017M05",1033.90
"Jugovzhodna Slovenija","SKD Dejavnost","2017M06",1032.51
"Jugovzhodna Slovenija","SKD Dejavnost","2017M07",1025.79
"Jugovzhodna Slovenija","SKD Dejavnost","2017M08",1083.93
"Jugovzhodna Slovenija","SKD Dejavnost","2017M09",1031.49
"Jugovzhodna Slovenija","SKD Dejavnost","2017M10",1041.31
"Jugovzhodna Slovenija","SKD Dejavnost","2017M11",1179.09
"Jugovzhodna Slovenija","SKD Dejavnost","2017M12",1128.19
"Jugovzhodna Slovenija","SKD Dejavnost","2018M01",1106.28
"Jugovzhodna Slovenija","SKD Dejavnost","2018M02",1031.24
"Jugovzhodna Slovenija","SKD Dejavnost","2018M03",1064.42
"Jugovzhodna Slovenija","SKD Dejavnost","2018M04",1077.50
"Jugovzhodna Slovenija","SKD Dejavnost","2018M05",1071.56
"Jugovzhodna Slovenija","SKD Dejavnost","2018M06",1061.07
"Jugovzhodna Slovenija","SKD Dejavnost","2018M07",1069.15
"Jugovzhodna Slovenija","SKD Dejavnost","2018M08",1153.26
"Jugovzhodna Slovenija","SKD Dejavnost","2018M09",1041.85
"Jugovzhodna Slovenija","SKD Dejavnost","2018M10",1071.03
"Jugovzhodna Slovenija","SKD Dejavnost","2018M11",1230.32
"Jugovzhodna Slovenija","SKD Dejavnost","2018M12",1157.48
"Jugovzhodna Slovenija","SKD Dejavnost","2019M01",1191.95
"Jugovzhodna Slovenija","SKD Dejavnost","2019M02",1078.08
"Jugovzhodna Slovenija","SKD Dejavnost","2019M03",1101.52
"Jugovzhodna Slovenija","SKD Dejavnost","2019M04",1128.52
"Jugovzhodna Slovenija","SKD Dejavnost","2019M05",1112.62
"Jugovzhodna Slovenija","SKD Dejavnost","2019M06",1090.08
"Jugovzhodna Slovenija","SKD Dejavnost","2019M07",1129.19
"Jugovzhodna Slovenija","SKD Dejavnost","2019M08",1195.44
"Jugovzhodna Slovenija","SKD Dejavnost","2019M09",1091.49
"Jugovzhodna Slovenija","SKD Dejavnost","2019M10",1118.44
"Jugovzhodna Slovenija","SKD Dejavnost","2019M11",1298.96
"Jugovzhodna Slovenija","SKD Dejavnost","2019M12",1249.14
"Jugovzhodna Slovenija","SKD Dejavnost","2020M01",1280.18
"Jugovzhodna Slovenija","SKD Dejavnost","2020M02",1130.56
"Jugovzhodna Slovenija","SKD Dejavnost","2020M03",1099.57
"Jugovzhodna Slovenija","SKD Dejavnost","2020M04",1279.19
"Jugovzhodna Slovenija","SKD Dejavnost","2020M05",1198.61
"Jugovzhodna Slovenija","SKD Dejavnost","2020M06",1172.25
"Jugovzhodna Slovenija","SKD Dejavnost","2020M07",1173.82
"Jugovzhodna Slovenija","SKD Dejavnost","2020M08",1285.66
"Jugovzhodna Slovenija","SKD Dejavnost","2020M09",1160.40
"Jugovzhodna Slovenija","SKD Dejavnost","2020M10",1165.19
"Jugovzhodna Slovenija","SKD Dejavnost","2020M11",1395.82
"Jugovzhodna Slovenija","SKD Dejavnost","2020M12",1340.69
"Jugovzhodna Slovenija","SKD Dejavnost","2021M01",1397.81
"Jugovzhodna Slovenija","SKD Dejavnost","2021M02",1212.09
"Jugovzhodna Slovenija","SKD Dejavnost","2021M03",1251.70
"Jugovzhodna Slovenija","SKD Dejavnost","2021M04",1267.75
"Jugovzhodna Slovenija","SKD Dejavnost","2021M05",1265.44
"Jugovzhodna Slovenija","SKD Dejavnost","2021M06",1249.90
"Jugovzhodna Slovenija","SKD Dejavnost","2021M07",1241.43
"Jugovzhodna Slovenija","SKD Dejavnost","2021M08",1346.19
"Jugovzhodna Slovenija","SKD Dejavnost","2021M09",1194.06
"Osrednjeslovenska","SKD Dejavnost","2014M01",1085.51
"Osrednjeslovenska","SKD Dejavnost","2014M02",1093.14
"Osrednjeslovenska","SKD Dejavnost","2014M03",1085.80
"Osrednjeslovenska","SKD Dejavnost","2014M04",1092.43
"Osrednjeslovenska","SKD Dejavnost","2014M05",1090.57
"Osrednjeslovenska","SKD Dejavnost","2014M06",1080.71
"Osrednjeslovenska","SKD Dejavnost","2014M07",1085.43
"Osrednjeslovenska","SKD Dejavnost","2014M08",1075.12
"Osrednjeslovenska","SKD Dejavnost","2014M09",1080.38
"Osrednjeslovenska","SKD Dejavnost","2014M10",1089.88
"Osrednjeslovenska","SKD Dejavnost","2014M11",1137.14
"Osrednjeslovenska","SKD Dejavnost","2014M12",1102.01
"Osrednjeslovenska","SKD Dejavnost","2015M01",1089.64
"Osrednjeslovenska","SKD Dejavnost","2015M02",1090.36
"Osrednjeslovenska","SKD Dejavnost","2015M03",1099.37
"Osrednjeslovenska","SKD Dejavnost","2015M04",1092.94
"Osrednjeslovenska","SKD Dejavnost","2015M05",1088.24
"Osrednjeslovenska","SKD Dejavnost","2015M06",1092.10
"Osrednjeslovenska","SKD Dejavnost","2015M07",1089.16
"Osrednjeslovenska","SKD Dejavnost","2015M08",1081.43
"Osrednjeslovenska","SKD Dejavnost","2015M09",1080.93
"Osrednjeslovenska","SKD Dejavnost","2015M10",1090.32
"Osrednjeslovenska","SKD Dejavnost","2015M11",1167.71
"Osrednjeslovenska","SKD Dejavnost","2015M12",1126.96
"Osrednjeslovenska","SKD Dejavnost","2016M01",1105.85
"Osrednjeslovenska","SKD Dejavnost","2016M02",1131.53
"Osrednjeslovenska","SKD Dejavnost","2016M03",1126.05
"Osrednjeslovenska","SKD Dejavnost","2016M04",1112.75
"Osrednjeslovenska","SKD Dejavnost","2016M05",1103.00
"Osrednjeslovenska","SKD Dejavnost","2016M06",1101.31
"Osrednjeslovenska","SKD Dejavnost","2016M07",1095.48
"Osrednjeslovenska","SKD Dejavnost","2016M08",1103.64
"Osrednjeslovenska","SKD Dejavnost","2016M09",1099.52
"Osrednjeslovenska","SKD Dejavnost","2016M10",1104.07
"Osrednjeslovenska","SKD Dejavnost","2016M11",1177.93
"Osrednjeslovenska","SKD Dejavnost","2016M12",1154.36
"Osrednjeslovenska","SKD Dejavnost","2017M01",1128.22
"Osrednjeslovenska","SKD Dejavnost","2017M02",1145.66
"Osrednjeslovenska","SKD Dejavnost","2017M03",1151.92
"Osrednjeslovenska","SKD Dejavnost","2017M04",1130.85
"Osrednjeslovenska","SKD Dejavnost","2017M05",1138.64
"Osrednjeslovenska","SKD Dejavnost","2017M06",1132.79
"Osrednjeslovenska","SKD Dejavnost","2017M07",1132.64
"Osrednjeslovenska","SKD Dejavnost","2017M08",1137.42
"Osrednjeslovenska","SKD Dejavnost","2017M09",1135.08
"Osrednjeslovenska","SKD Dejavnost","2017M10",1140.26
"Osrednjeslovenska","SKD Dejavnost","2017M11",1242.12
"Osrednjeslovenska","SKD Dejavnost","2017M12",1212.81
"Osrednjeslovenska","SKD Dejavnost","2018M01",1167.24
"Osrednjeslovenska","SKD Dejavnost","2018M02",1182.94
"Osrednjeslovenska","SKD Dejavnost","2018M03",1178.22
"Osrednjeslovenska","SKD Dejavnost","2018M04",1170.63
"Osrednjeslovenska","SKD Dejavnost","2018M05",1163.84
"Osrednjeslovenska","SKD Dejavnost","2018M06",1162.70
"Osrednjeslovenska","SKD Dejavnost","2018M07",1165.16
"Osrednjeslovenska","SKD Dejavnost","2018M08",1171.22
"Osrednjeslovenska","SKD Dejavnost","2018M09",1151.74
"Osrednjeslovenska","SKD Dejavnost","2018M10",1173.49
"Osrednjeslovenska","SKD Dejavnost","2018M11",1278.40
"Osrednjeslovenska","SKD Dejavnost","2018M12",1246.64
"Osrednjeslovenska","SKD Dejavnost","2019M01",1211.84
"Osrednjeslovenska","SKD Dejavnost","2019M02",1231.59
"Osrednjeslovenska","SKD Dejavnost","2019M03",1236.80
"Osrednjeslovenska","SKD Dejavnost","2019M04",1207.21
"Osrednjeslovenska","SKD Dejavnost","2019M05",1206.83
"Osrednjeslovenska","SKD Dejavnost","2019M06",1201.61
"Osrednjeslovenska","SKD Dejavnost","2019M07",1213.20
"Osrednjeslovenska","SKD Dejavnost","2019M08",1203.37
"Osrednjeslovenska","SKD Dejavnost","2019M09",1199.86
"Osrednjeslovenska","SKD Dejavnost","2019M10",1213.20
"Osrednjeslovenska","SKD Dejavnost","2019M11",1331.63
"Osrednjeslovenska","SKD Dejavnost","2019M12",1315.89
"Osrednjeslovenska","SKD Dejavnost","2020M01",1275.33
"Osrednjeslovenska","SKD Dejavnost","2020M02",1305.48
"Osrednjeslovenska","SKD Dejavnost","2020M03",1264.84
"Osrednjeslovenska","SKD Dejavnost","2020M04",1370.82
"Osrednjeslovenska","SKD Dejavnost","2020M05",1371.85
"Osrednjeslovenska","SKD Dejavnost","2020M06",1289.95
"Osrednjeslovenska","SKD Dejavnost","2020M07",1279.30
"Osrednjeslovenska","SKD Dejavnost","2020M08",1277.99
"Osrednjeslovenska","SKD Dejavnost","2020M09",1272.93
"Osrednjeslovenska","SKD Dejavnost","2020M10",1283.34
"Osrednjeslovenska","SKD Dejavnost","2020M11",1447.15
"Osrednjeslovenska","SKD Dejavnost","2020M12",1426.34
"Osrednjeslovenska","SKD Dejavnost","2021M01",1378.98
"Osrednjeslovenska","SKD Dejavnost","2021M02",1401.58
"Osrednjeslovenska","SKD Dejavnost","2021M03",1423.76
"Osrednjeslovenska","SKD Dejavnost","2021M04",1396.33
"Osrednjeslovenska","SKD Dejavnost","2021M05",1397.80
"Osrednjeslovenska","SKD Dejavnost","2021M06",1360.61
"Osrednjeslovenska","SKD Dejavnost","2021M07",1351.50
"Osrednjeslovenska","SKD Dejavnost","2021M08",1327.72
"Osrednjeslovenska","SKD Dejavnost","2021M09",1315.38
"Gorenjska","SKD Dejavnost","2014M01",992.16
"Gorenjska","SKD Dejavnost","2014M02",995.36
"Gorenjska","SKD Dejavnost","2014M03",1006.35
"Gorenjska","SKD Dejavnost","2014M04",996.11
"Gorenjska","SKD Dejavnost","2014M05",994.44
"Gorenjska","SKD Dejavnost","2014M06",989.11
"Gorenjska","SKD Dejavnost","2014M07",995.28
"Gorenjska","SKD Dejavnost","2014M08",989.11
"Gorenjska","SKD Dejavnost","2014M09",987.17
"Gorenjska","SKD Dejavnost","2014M10",1006.87
"Gorenjska","SKD Dejavnost","2014M11",1064.01
"Gorenjska","SKD Dejavnost","2014M12",1016.28
"Gorenjska","SKD Dejavnost","2015M01",992.31
"Gorenjska","SKD Dejavnost","2015M02",999.40
"Gorenjska","SKD Dejavnost","2015M03",1026.06
"Gorenjska","SKD Dejavnost","2015M04",998.57
"Gorenjska","SKD Dejavnost","2015M05",998.49
"Gorenjska","SKD Dejavnost","2015M06",999.58
"Gorenjska","SKD Dejavnost","2015M07",1006.73
"Gorenjska","SKD Dejavnost","2015M08",992.84
"Gorenjska","SKD Dejavnost","2015M09",992.87
"Gorenjska","SKD Dejavnost","2015M10",1015.05
"Gorenjska","SKD Dejavnost","2015M11",1083.55
"Gorenjska","SKD Dejavnost","2015M12",1023.50
"Gorenjska","SKD Dejavnost","2016M01",997.80
"Gorenjska","SKD Dejavnost","2016M02",1008.62
"Gorenjska","SKD Dejavnost","2016M03",1037.57
"Gorenjska","SKD Dejavnost","2016M04",1013.83
"Gorenjska","SKD Dejavnost","2016M05",1010.38
"Gorenjska","SKD Dejavnost","2016M06",1010.06
"Gorenjska","SKD Dejavnost","2016M07",1012.73
"Gorenjska","SKD Dejavnost","2016M08",1015.24
"Gorenjska","SKD Dejavnost","2016M09",1008.32
"Gorenjska","SKD Dejavnost","2016M10",1015.46
"Gorenjska","SKD Dejavnost","2016M11",1086.24
"Gorenjska","SKD Dejavnost","2016M12",1079.92
"Gorenjska","SKD Dejavnost","2017M01",1025.45
"Gorenjska","SKD Dejavnost","2017M02",1027.00
"Gorenjska","SKD Dejavnost","2017M03",1054.71
"Gorenjska","SKD Dejavnost","2017M04",1030.95
"Gorenjska","SKD Dejavnost","2017M05",1041.41
"Gorenjska","SKD Dejavnost","2017M06",1038.56
"Gorenjska","SKD Dejavnost","2017M07",1042.42
"Gorenjska","SKD Dejavnost","2017M08",1042.09
"Gorenjska","SKD Dejavnost","2017M09",1043.47
"Gorenjska","SKD Dejavnost","2017M10",1054.92
"Gorenjska","SKD Dejavnost","2017M11",1155.92
"Gorenjska","SKD Dejavnost","2017M12",1157.18
"Gorenjska","SKD Dejavnost","2018M01",1064.62
"Gorenjska","SKD Dejavnost","2018M02",1054.02
"Gorenjska","SKD Dejavnost","2018M03",1099.62
"Gorenjska","SKD Dejavnost","2018M04",1068.39
"Gorenjska","SKD Dejavnost","2018M05",1074.50
"Gorenjska","SKD Dejavnost","2018M06",1070.62
"Gorenjska","SKD Dejavnost","2018M07",1078.80
"Gorenjska","SKD Dejavnost","2018M08",1069.20
"Gorenjska","SKD Dejavnost","2018M09",1060.93
"Gorenjska","SKD Dejavnost","2018M10",1075.18
"Gorenjska","SKD Dejavnost","2018M11",1197.17
"Gorenjska","SKD Dejavnost","2018M12",1177.92
"Gorenjska","SKD Dejavnost","2019M01",1087.48
"Gorenjska","SKD Dejavnost","2019M02",1082.38
"Gorenjska","SKD Dejavnost","2019M03",1127.11
"Gorenjska","SKD Dejavnost","2019M04",1110.13
"Gorenjska","SKD Dejavnost","2019M05",1103.95
"Gorenjska","SKD Dejavnost","2019M06",1108.12
"Gorenjska","SKD Dejavnost","2019M07",1100.00
"Gorenjska","SKD Dejavnost","2019M08",1096.17
"Gorenjska","SKD Dejavnost","2019M09",1088.08
"Gorenjska","SKD Dejavnost","2019M10",1095.36
"Gorenjska","SKD Dejavnost","2019M11",1227.27
"Gorenjska","SKD Dejavnost","2019M12",1218.29
"Gorenjska","SKD Dejavnost","2020M01",1133.00
"Gorenjska","SKD Dejavnost","2020M02",1163.28
"Gorenjska","SKD Dejavnost","2020M03",1116.99
"Gorenjska","SKD Dejavnost","2020M04",1217.55
"Gorenjska","SKD Dejavnost","2020M05",1201.12
"Gorenjska","SKD Dejavnost","2020M06",1115.96
"Gorenjska","SKD Dejavnost","2020M07",1136.53
"Gorenjska","SKD Dejavnost","2020M08",1140.22
"Gorenjska","SKD Dejavnost","2020M09",1140.04
"Gorenjska","SKD Dejavnost","2020M10",1140.94
"Gorenjska","SKD Dejavnost","2020M11",1269.33
"Gorenjska","SKD Dejavnost","2020M12",1306.62
"Gorenjska","SKD Dejavnost","2021M01",1207.50
"Gorenjska","SKD Dejavnost","2021M02",1192.67
"Gorenjska","SKD Dejavnost","2021M03",1234.77
"Gorenjska","SKD Dejavnost","2021M04",1226.22
"Gorenjska","SKD Dejavnost","2021M05",1249.18
"Gorenjska","SKD Dejavnost","2021M06",1230.36
"Gorenjska","SKD Dejavnost","2021M07",1221.97
"Gorenjska","SKD Dejavnost","2021M08",1197.69
"Gorenjska","SKD Dejavnost","2021M09",1186.40
"Primorsko-notranjska","SKD Dejavnost","2014M01",913.44
"Primorsko-notranjska","SKD Dejavnost","2014M02",886.77
"Primorsko-notranjska","SKD Dejavnost","2014M03",899.51
"Primorsko-notranjska","SKD Dejavnost","2014M04",918.75
"Primorsko-notranjska","SKD Dejavnost","2014M05",909.58
"Primorsko-notranjska","SKD Dejavnost","2014M06",900.77
"Primorsko-notranjska","SKD Dejavnost","2014M07",913.46
"Primorsko-notranjska","SKD Dejavnost","2014M08",891.33
"Primorsko-notranjska","SKD Dejavnost","2014M09",899.93
"Primorsko-notranjska","SKD Dejavnost","2014M10",910.11
"Primorsko-notranjska","SKD Dejavnost","2014M11",970.29
"Primorsko-notranjska","SKD Dejavnost","2014M12",924.10
"Primorsko-notranjska","SKD Dejavnost","2015M01",915.44
"Primorsko-notranjska","SKD Dejavnost","2015M02",884.74
"Primorsko-notranjska","SKD Dejavnost","2015M03",905.92
"Primorsko-notranjska","SKD Dejavnost","2015M04",914.70
"Primorsko-notranjska","SKD Dejavnost","2015M05",907.65
"Primorsko-notranjska","SKD Dejavnost","2015M06",921.43
"Primorsko-notranjska","SKD Dejavnost","2015M07",919.70
"Primorsko-notranjska","SKD Dejavnost","2015M08",904.96
"Primorsko-notranjska","SKD Dejavnost","2015M09",910.60
"Primorsko-notranjska","SKD Dejavnost","2015M10",909.95
"Primorsko-notranjska","SKD Dejavnost","2015M11",977.91
"Primorsko-notranjska","SKD Dejavnost","2015M12",941.40
"Primorsko-notranjska","SKD Dejavnost","2016M01",909.96
"Primorsko-notranjska","SKD Dejavnost","2016M02",906.01
"Primorsko-notranjska","SKD Dejavnost","2016M03",925.36
"Primorsko-notranjska","SKD Dejavnost","2016M04",911.32
"Primorsko-notranjska","SKD Dejavnost","2016M05",917.17
"Primorsko-notranjska","SKD Dejavnost","2016M06",922.05
"Primorsko-notranjska","SKD Dejavnost","2016M07",904.33
"Primorsko-notranjska","SKD Dejavnost","2016M08",928.71
"Primorsko-notranjska","SKD Dejavnost","2016M09",915.70
"Primorsko-notranjska","SKD Dejavnost","2016M10",907.42
"Primorsko-notranjska","SKD Dejavnost","2016M11",958.93
"Primorsko-notranjska","SKD Dejavnost","2016M12",990.64
"Primorsko-notranjska","SKD Dejavnost","2017M01",930.89
"Primorsko-notranjska","SKD Dejavnost","2017M02",918.95
"Primorsko-notranjska","SKD Dejavnost","2017M03",938.09
"Primorsko-notranjska","SKD Dejavnost","2017M04",921.17
"Primorsko-notranjska","SKD Dejavnost","2017M05",957.13
"Primorsko-notranjska","SKD Dejavnost","2017M06",949.59
"Primorsko-notranjska","SKD Dejavnost","2017M07",930.52
"Primorsko-notranjska","SKD Dejavnost","2017M08",948.10
"Primorsko-notranjska","SKD Dejavnost","2017M09",937.79
"Primorsko-notranjska","SKD Dejavnost","2017M10",950.73
"Primorsko-notranjska","SKD Dejavnost","2017M11",1014.86
"Primorsko-notranjska","SKD Dejavnost","2017M12",1055.20
"Primorsko-notranjska","SKD Dejavnost","2018M01",974.25
"Primorsko-notranjska","SKD Dejavnost","2018M02",933.77
"Primorsko-notranjska","SKD Dejavnost","2018M03",965.49
"Primorsko-notranjska","SKD Dejavnost","2018M04",953.84
"Primorsko-notranjska","SKD Dejavnost","2018M05",973.89
"Primorsko-notranjska","SKD Dejavnost","2018M06",963.53
"Primorsko-notranjska","SKD Dejavnost","2018M07",968.69
"Primorsko-notranjska","SKD Dejavnost","2018M08",973.96
"Primorsko-notranjska","SKD Dejavnost","2018M09",941.47
"Primorsko-notranjska","SKD Dejavnost","2018M10",978.18
"Primorsko-notranjska","SKD Dejavnost","2018M11",1052.31
"Primorsko-notranjska","SKD Dejavnost","2018M12",1081.40
"Primorsko-notranjska","SKD Dejavnost","2019M01",996.71
"Primorsko-notranjska","SKD Dejavnost","2019M02",967.95
"Primorsko-notranjska","SKD Dejavnost","2019M03",989.71
"Primorsko-notranjska","SKD Dejavnost","2019M04",1002.88
"Primorsko-notranjska","SKD Dejavnost","2019M05",1009.12
"Primorsko-notranjska","SKD Dejavnost","2019M06",990.25
"Primorsko-notranjska","SKD Dejavnost","2019M07",1013.26
"Primorsko-notranjska","SKD Dejavnost","2019M08",1001.07
"Primorsko-notranjska","SKD Dejavnost","2019M09",1000.72
"Primorsko-notranjska","SKD Dejavnost","2019M10",1022.03
"Primorsko-notranjska","SKD Dejavnost","2019M11",1057.69
"Primorsko-notranjska","SKD Dejavnost","2019M12",1152.73
"Primorsko-notranjska","SKD Dejavnost","2020M01",1046.24
"Primorsko-notranjska","SKD Dejavnost","2020M02",1027.99
"Primorsko-notranjska","SKD Dejavnost","2020M03",1035.00
"Primorsko-notranjska","SKD Dejavnost","2020M04",1125.46
"Primorsko-notranjska","SKD Dejavnost","2020M05",1132.53
"Primorsko-notranjska","SKD Dejavnost","2020M06",1052.30
"Primorsko-notranjska","SKD Dejavnost","2020M07",1061.09
"Primorsko-notranjska","SKD Dejavnost","2020M08",1057.34
"Primorsko-notranjska","SKD Dejavnost","2020M09",1062.47
"Primorsko-notranjska","SKD Dejavnost","2020M10",1064.39
"Primorsko-notranjska","SKD Dejavnost","2020M11",1151.47
"Primorsko-notranjska","SKD Dejavnost","2020M12",1216.37
"Primorsko-notranjska","SKD Dejavnost","2021M01",1113.41
"Primorsko-notranjska","SKD Dejavnost","2021M02",1104.97
"Primorsko-notranjska","SKD Dejavnost","2021M03",1142.73
"Primorsko-notranjska","SKD Dejavnost","2021M04",1133.22
"Primorsko-notranjska","SKD Dejavnost","2021M05",1174.07
"Primorsko-notranjska","SKD Dejavnost","2021M06",1138.93
"Primorsko-notranjska","SKD Dejavnost","2021M07",1141.76
"Primorsko-notranjska","SKD Dejavnost","2021M08",1098.35
"Primorsko-notranjska","SKD Dejavnost","2021M09",1095.60
"Goriška","SKD Dejavnost","2014M01",1025.05
"Goriška","SKD Dejavnost","2014M02",953.27
"Goriška","SKD Dejavnost","2014M03",960.41
"Goriška","SKD Dejavnost","2014M04",972.04
"Goriška","SKD Dejavnost","2014M05",969.35
"Goriška","SKD Dejavnost","2014M06",966.85
"Goriška","SKD Dejavnost","2014M07",979.18
"Goriška","SKD Dejavnost","2014M08",964.88
"Goriška","SKD Dejavnost","2014M09",983.59
"Goriška","SKD Dejavnost","2014M10",988.79
"Goriška","SKD Dejavnost","2014M11",1002.03
"Goriška","SKD Dejavnost","2014M12",1014.77
"Goriška","SKD Dejavnost","2015M01",982.64
"Goriška","SKD Dejavnost","2015M02",946.02
"Goriška","SKD Dejavnost","2015M03",973.13
"Goriška","SKD Dejavnost","2015M04",984.70
"Goriška","SKD Dejavnost","2015M05",972.54
"Goriška","SKD Dejavnost","2015M06",985.17
"Goriška","SKD Dejavnost","2015M07",986.47
"Goriška","SKD Dejavnost","2015M08",970.13
"Goriška","SKD Dejavnost","2015M09",974.56
"Goriška","SKD Dejavnost","2015M10",985.64
"Goriška","SKD Dejavnost","2015M11",1035.59
"Goriška","SKD Dejavnost","2015M12",1017.87
"Goriška","SKD Dejavnost","2016M01",986.75
"Goriška","SKD Dejavnost","2016M02",980.29
"Goriška","SKD Dejavnost","2016M03",995.40
"Goriška","SKD Dejavnost","2016M04",996.47
"Goriška","SKD Dejavnost","2016M05",992.84
"Goriška","SKD Dejavnost","2016M06",994.94
"Goriška","SKD Dejavnost","2016M07",980.76
"Goriška","SKD Dejavnost","2016M08",1013.71
"Goriška","SKD Dejavnost","2016M09",989.88
"Goriška","SKD Dejavnost","2016M10",998.90
"Goriška","SKD Dejavnost","2016M11",1090.30
"Goriška","SKD Dejavnost","2016M12",1054.45
"Goriška","SKD Dejavnost","2017M01",1014.18
"Goriška","SKD Dejavnost","2017M02",986.44
"Goriška","SKD Dejavnost","2017M03",1021.57
"Goriška","SKD Dejavnost","2017M04",1009.88
"Goriška","SKD Dejavnost","2017M05",1019.95
"Goriška","SKD Dejavnost","2017M06",1010.90
"Goriška","SKD Dejavnost","2017M07",1003.00
"Goriška","SKD Dejavnost","2017M08",1023.65
"Goriška","SKD Dejavnost","2017M09",1024.30
"Goriška","SKD Dejavnost","2017M10",1030.76
"Goriška","SKD Dejavnost","2017M11",1188.24
"Goriška","SKD Dejavnost","2017M12",1100.53
"Goriška","SKD Dejavnost","2018M01",1057.08
"Goriška","SKD Dejavnost","2018M02",1013.13
"Goriška","SKD Dejavnost","2018M03",1037.82
"Goriška","SKD Dejavnost","2018M04",1048.35
"Goriška","SKD Dejavnost","2018M05",1041.78
"Goriška","SKD Dejavnost","2018M06",1047.71
"Goriška","SKD Dejavnost","2018M07",1042.05
"Goriška","SKD Dejavnost","2018M08",1045.59
"Goriška","SKD Dejavnost","2018M09",1019.96
"Goriška","SKD Dejavnost","2018M10",1064.26
"Goriška","SKD Dejavnost","2018M11",1179.38
"Goriška","SKD Dejavnost","2018M12",1134.94
"Goriška","SKD Dejavnost","2019M01",1078.13
"Goriška","SKD Dejavnost","2019M02",1055.62
"Goriška","SKD Dejavnost","2019M03",1072.46
"Goriška","SKD Dejavnost","2019M04",1077.46
"Goriška","SKD Dejavnost","2019M05",1089.65
"Goriška","SKD Dejavnost","2019M06",1073.01
"Goriška","SKD Dejavnost","2019M07",1092.45
"Goriška","SKD Dejavnost","2019M08",1086.15
"Goriška","SKD Dejavnost","2019M09",1068.84
"Goriška","SKD Dejavnost","2019M10",1096.98
"Goriška","SKD Dejavnost","2019M11",1222.35
"Goriška","SKD Dejavnost","2019M12",1196.25
"Goriška","SKD Dejavnost","2020M01",1134.89
"Goriška","SKD Dejavnost","2020M02",1104.19
"Goriška","SKD Dejavnost","2020M03",1084.89
"Goriška","SKD Dejavnost","2020M04",1212.05
"Goriška","SKD Dejavnost","2020M05",1175.23
"Goriška","SKD Dejavnost","2020M06",1093.46
"Goriška","SKD Dejavnost","2020M07",1127.69
"Goriška","SKD Dejavnost","2020M08",1117.34
"Goriška","SKD Dejavnost","2020M09",1118.70
"Goriška","SKD Dejavnost","2020M10",1130.75
"Goriška","SKD Dejavnost","2020M11",1279.50
"Goriška","SKD Dejavnost","2020M12",1269.36
"Goriška","SKD Dejavnost","2021M01",1190.80
"Goriška","SKD Dejavnost","2021M02",1171.25
"Goriška","SKD Dejavnost","2021M03",1208.84
"Goriška","SKD Dejavnost","2021M04",1226.88
"Goriška","SKD Dejavnost","2021M05",1230.70
"Goriška","SKD Dejavnost","2021M06",1215.77
"Goriška","SKD Dejavnost","2021M07",1233.34
"Goriška","SKD Dejavnost","2021M08",1187.47
"Goriška","SKD Dejavnost","2021M09",1176.09
"Obalno-kraška","SKD Dejavnost","2014M01",997.62
"Obalno-kraška","SKD Dejavnost","2014M02",968.33
"Obalno-kraška","SKD Dejavnost","2014M03",979.11
"Obalno-kraška","SKD Dejavnost","2014M04",987.04
"Obalno-kraška","SKD Dejavnost","2014M05",979.36
"Obalno-kraška","SKD Dejavnost","2014M06",974.06
"Obalno-kraška","SKD Dejavnost","2014M07",987.73
"Obalno-kraška","SKD Dejavnost","2014M08",968.78
"Obalno-kraška","SKD Dejavnost","2014M09",969.94
"Obalno-kraška","SKD Dejavnost","2014M10",1003.97
"Obalno-kraška","SKD Dejavnost","2014M11",1044.38
"Obalno-kraška","SKD Dejavnost","2014M12",1024.75
"Obalno-kraška","SKD Dejavnost","2015M01",988.32
"Obalno-kraška","SKD Dejavnost","2015M02",968.04
"Obalno-kraška","SKD Dejavnost","2015M03",988.76
"Obalno-kraška","SKD Dejavnost","2015M04",1000.45
"Obalno-kraška","SKD Dejavnost","2015M05",984.91
"Obalno-kraška","SKD Dejavnost","2015M06",986.95
"Obalno-kraška","SKD Dejavnost","2015M07",1005.46
"Obalno-kraška","SKD Dejavnost","2015M08",977.39
"Obalno-kraška","SKD Dejavnost","2015M09",981.31
"Obalno-kraška","SKD Dejavnost","2015M10",1000.65
"Obalno-kraška","SKD Dejavnost","2015M11",1066.57
"Obalno-kraška","SKD Dejavnost","2015M12",1026.65
"Obalno-kraška","SKD Dejavnost","2016M01",1001.65
"Obalno-kraška","SKD Dejavnost","2016M02",989.27
"Obalno-kraška","SKD Dejavnost","2016M03",1005.78
"Obalno-kraška","SKD Dejavnost","2016M04",1022.84
"Obalno-kraška","SKD Dejavnost","2016M05",1004.19
"Obalno-kraška","SKD Dejavnost","2016M06",996.62
"Obalno-kraška","SKD Dejavnost","2016M07",1004.68
"Obalno-kraška","SKD Dejavnost","2016M08",1002.25
"Obalno-kraška","SKD Dejavnost","2016M09",997.22
"Obalno-kraška","SKD Dejavnost","2016M10",1014.49
"Obalno-kraška","SKD Dejavnost","2016M11",1054.74
"Obalno-kraška","SKD Dejavnost","2016M12",1082.82
"Obalno-kraška","SKD Dejavnost","2017M01",1024.45
"Obalno-kraška","SKD Dejavnost","2017M02",1003.63
"Obalno-kraška","SKD Dejavnost","2017M03",1024.97
"Obalno-kraška","SKD Dejavnost","2017M04",1028.50
"Obalno-kraška","SKD Dejavnost","2017M05",1046.98
"Obalno-kraška","SKD Dejavnost","2017M06",1024.07
"Obalno-kraška","SKD Dejavnost","2017M07",1025.97
"Obalno-kraška","SKD Dejavnost","2017M08",1028.62
"Obalno-kraška","SKD Dejavnost","2017M09",1027.96
"Obalno-kraška","SKD Dejavnost","2017M10",1034.93
"Obalno-kraška","SKD Dejavnost","2017M11",1149.89
"Obalno-kraška","SKD Dejavnost","2017M12",1090.37
"Obalno-kraška","SKD Dejavnost","2018M01",1057.98
"Obalno-kraška","SKD Dejavnost","2018M02",1032.00
"Obalno-kraška","SKD Dejavnost","2018M03",1033.06
"Obalno-kraška","SKD Dejavnost","2018M04",1070.19
"Obalno-kraška","SKD Dejavnost","2018M05",1056.63
"Obalno-kraška","SKD Dejavnost","2018M06",1052.99
"Obalno-kraška","SKD Dejavnost","2018M07",993.07
"Obalno-kraška","SKD Dejavnost","2018M08",1050.91
"Obalno-kraška","SKD Dejavnost","2018M09",1034.50
"Obalno-kraška","SKD Dejavnost","2018M10",1071.87
"Obalno-kraška","SKD Dejavnost","2018M11",1128.24
"Obalno-kraška","SKD Dejavnost","2018M12",1200.92
"Obalno-kraška","SKD Dejavnost","2019M01",1092.27
"Obalno-kraška","SKD Dejavnost","2019M02",1074.28
"Obalno-kraška","SKD Dejavnost","2019M03",1085.04
"Obalno-kraška","SKD Dejavnost","2019M04",1116.37
"Obalno-kraška","SKD Dejavnost","2019M05",1090.64
"Obalno-kraška","SKD Dejavnost","2019M06",1086.88
"Obalno-kraška","SKD Dejavnost","2019M07",1119.15
"Obalno-kraška","SKD Dejavnost","2019M08",1081.48
"Obalno-kraška","SKD Dejavnost","2019M09",1083.41
"Obalno-kraška","SKD Dejavnost","2019M10",1107.16
"Obalno-kraška","SKD Dejavnost","2019M11",1237.53
"Obalno-kraška","SKD Dejavnost","2019M12",1190.89
"Obalno-kraška","SKD Dejavnost","2020M01",1142.94
"Obalno-kraška","SKD Dejavnost","2020M02",1135.98
"Obalno-kraška","SKD Dejavnost","2020M03",1088.24
"Obalno-kraška","SKD Dejavnost","2020M04",1239.57
"Obalno-kraška","SKD Dejavnost","2020M05",1209.75
"Obalno-kraška","SKD Dejavnost","2020M06",1154.31
"Obalno-kraška","SKD Dejavnost","2020M07",1160.28
"Obalno-kraška","SKD Dejavnost","2020M08",1132.60
"Obalno-kraška","SKD Dejavnost","2020M09",1137.65
"Obalno-kraška","SKD Dejavnost","2020M10",1148.09
"Obalno-kraška","SKD Dejavnost","2020M11",1289.60
"Obalno-kraška","SKD Dejavnost","2020M12",1269.11
"Obalno-kraška","SKD Dejavnost","2021M01",1237.84
"Obalno-kraška","SKD Dejavnost","2021M02",1203.11
"Obalno-kraška","SKD Dejavnost","2021M03",1236.62
"Obalno-kraška","SKD Dejavnost","2021M04",1269.03
"Obalno-kraška","SKD Dejavnost","2021M05",1246.17
"Obalno-kraška","SKD Dejavnost","2021M06",1208.78
"Obalno-kraška","SKD Dejavnost","2021M07",1228.88
"Obalno-kraška","SKD Dejavnost","2021M08",1176.58
"Obalno-kraška","SKD Dejavnost","2021M09",1164.39
